{"pipe_simple_chp_variance": 0.8677962417150004, "pipe_simple_boiler_variance": 0.8829312427376635, "pipe_simple_production1_variance": 0.8789880978136133, "pipe_simple_production2_variance": 1.0295121542607335, "pipe_simple_CompressionChiller2_variance": 1.0012691826569806, "pipe_simple_CoolingTower_variance": 1.031416997317778, "watertank_warm_variance": 0.9055190329722077, "watertank_cold_variance": 0.9822031129822184, "val_after_HeatPump_variance": 0.9684112464876029, "val_before_CoolingTower_variance": 0.8287060079025386, "heatExchanger_counterflow_variance": 1.1664815934064798, "idealPump2_variance": 1.170899980467951, "idealPump3_variance": 0.9513657236518325, "idealPump4_variance": 0.8313422855252544, "idealPump5_variance": 0.889758014614378, "idealPump1_variance": 1.0778237115705982, "idealPump_variance": 0.8390593958791491, "coolingTower_open_variance": 1.1066346830516232, "chp_variance": 1.1290814816439552, "condensingBoiler_variance": 1.0986803021281417, "immersionHeater_variance": 1.1218084485084094, "compressionChiller_Tanks_variance": 0.9019398120046854, "compressionChiller_CT_variance": 1.0866976646144388}
